"","x"
"V2","gbp"
"V3","gbp"
"V4","to gbp"
"V5","gbp to usd"
"V6","usd"
"V7","usd to"
"V8","usd to gbp"
"V9","czk"
"V10","aed to"
"V11","in pounds"
"V12","aed"
"V13","czk to gbp"
"V14","pln to gbp"
"V15","gbp to"
"V16","sgd to"
"V17","100 gbp"
"V18","sek to gbp"
"V19","in dollars"
"V20","1000 gbp"
"V21","shoulder length"
"V22","baby boy clothes"
"V23","cake box"
"V24","zapain"
"V25","aed to gbp"
"V26","hkd"
"V27","pounds in dollars"
"V28","in inches"
"V29","best breakfast"
"V30","to usd"
"V31","in cm"
"V32","angolul"
"V33","astra j"
"V34","gbp to huf"
"V35","light grey"
"V36","coconut"
"V37","cancel"
"V38","in ft"
"V39","huf to gbp"
"V40","500 gbp"
"V41","easy hairstyles"
"V42","yen to gbp"
"V43","jpy"
"V44","200 gbp"
"V45","cad to"
"V46","whose number"
"V47","300 gbp"
"V48","dkk"
"V49","3 bedroom house"
"V50","a4 b8"
"V51","yen to"
"V52","aplikacja"
"V53","data sim"
"V54","inches in cm"
"V55","eur"
"V56","audi a4 b8"
"V57","bar menu"
"V58","w204"
"V59","r53"
"V60","rest api"
"V61","glute"
"V62","dkk to gbp"
"V63","unlimited data"
"V64","angel numbers"
"V65","nok to gbp"
"V66","off shoulder"
"V67","js"
"V68","tfsi"
"V69","hair mask"
"V70","pounds in kg"
"V71","dollars in pounds"
"V72","golf gtd"
"V73","best lunch"
"V74","from today"
"V75","meetups"
"V76","feefo"
"V77","days from"
"V78","sgd to gbp"
"V79","for sale gumtree"
"V80","usd to eur"
"V81","po angielsku"
"V82","reg check"
"V83","check if"
"V84","1d4chan"
"V85","angielsku"
"V86","100 dollars"
"V87","celeb news"
"V88","things to draw"
"V89","code 82"
"V90","shopify"
"V91","amber leaf"
"V92","gbp to czk"
"V93","aud"
"V94","grey and"
"V95","whose number is"
"V96","son quotes"
"V97","audi tt mk1"
"V98","lunch menu"
"V99","mm in feet"
"V100","futa"
"V101","with you quotes"
"V102","green to"
